{
    "monomers": {
        "natural_rubber": "*-[#6:7](-[#6:5](=[#6:4](-[#6:1](-[#1:2])(-[#1:3])-*)-[#6:10](-[#1:11])(-[#1:12])-[#1:13])-[#1:6])(-[#1:8])-[#1:9]",
        "natural_rubber_TERM1": "[#6:1](-[#1:2])(-[#1:3])(-[#6:4](=[#6:5](-[#1:6])-[#6:7](-[#1:8])(-[#1:9])-[#1:14])-[#6:10](-[#1:11])(-[#1:12])-[#1:13])-*",
        "natural_rubber_TERM2": "*-[#6:8](-[#6:6](=[#6:5](-[#6:1](-[#1:2])(-[#1:3])-[#1:4])-[#6:11](-[#1:12])(-[#1:13])-[#1:14])-[#1:7])(-[#1:9])-[#1:10]"
    },
    "caps": {
        "natural_rubber": [],
        "natural_rubber_TERM1": [],
        "natural_rubber_TERM2": []
    },
    "charges": {
        "natural_rubber_TERM1": {
            "0": -0.03956999988207277,
            "1": 0.04400999858131949,
            "2": 0.04400999858131949,
            "3": -0.11754000172862467,
            "4": -0.1667100040698951,
            "5": 0.11830999716272894,
            "6": -0.06148999915370401,
            "7": 0.03898999854078833,
            "8": 0.03898999854078833,
            "10": -0.06092999861487802,
            "11": 0.03940000026574675,
            "12": 0.03940000026574675,
            "13": 0.03940000026574675,
            "9": 0.03898999854078833
        },
        "natural_rubber": {
            "3": -0.040736666429530145,
            "4": 0.04569499953737799,
            "5": 0.04569499953737799,
            "2": -0.11052833235113875,
            "1": -0.16736499951133188,
            "10": 0.11831666791589006,
            "0": -0.043763332549224855,
            "11": 0.046198332822828925,
            "12": 0.046198332822828925,
            "6": -0.06138500060487843,
            "7": 0.04067166660379314,
            "8": 0.04067166660379314,
            "9": 0.04067166660379314
        },
        "natural_rubber_TERM2": {
            "3": -0.060880001493782365,
            "4": 0.03982999934902731,
            "5": 0.03982999934902731,
            "6": 0.03982999934902731,
            "2": -0.11063999668607172,
            "1": -0.17038999483832773,
            "11": 0.1154400037144715,
            "0": -0.040989998587459886,
            "12": 0.046029999992757475,
            "13": 0.046029999992757475,
            "7": -0.060880001493782365,
            "8": 0.03982999934902731,
            "9": 0.03982999934902731,
            "10": 0.03982999934902731
        }
    }
}