{
    "monomers": {
        "polymethylketone": "*-[#6:27]1=[#6:26](-[#6:25](=[#6:24](-[#6:23](-[#6:20]2-[#6:19](=[#6:18](-[#6:17](=[#6:22](-[#6:21]=2-[#1:51])-[#1:52])-[#8:58]-[#6:14]2=[#6:13](-[#6:12](=[#6:11](-[#6:10]34-[#6:7](-[#6:1]5(-[#6:2](-[#6:3](-[#6:4](-[#6:5](-[#6:6]-5(-[#1:38])-[#1:39])(-[#6:8]-3(-[#1:42])-[#1:43])-[#1:37])(-[#1:35])-[#1:36])(-[#6:9]-4(-[#1:44])-[#1:45])-[#1:34])(-[#1:32])-[#1:33])-[#1:31])(-[#1:40])-[#1:41])-[#6:16](=[#6:15]-2-[#1:48])-[#8:57]-*)-[#1:46])-[#1:47])-[#1:49])-[#1:50])=[#8:30])-[#6:29](=[#6:28]-1-[#1:55])-[#1:56])-[#1:53])-[#1:54]",
        "polymethylketone_TERM24": "*-[#6:27]1=[#6:26](-[#6:25](=[#6:24](-[#6:23](-[#6:20]2=[#6:19](-[#6:18](=[#6:17](-[#6:22](=[#6:21]-2-[#1:51])-[#1:52])-[#8:59]-[#6:14]2=[#6:13](-[#6:12](=[#6:11](-[#6:10]34-[#6:7](-[#6:1]5(-[#6:2](-[#6:3](-[#6:4](-[#6:5](-[#6:6]-5(-[#1:38])-[#1:39])(-[#6:8]-3(-[#1:42])-[#1:43])-[#1:37])(-[#1:35])-[#1:36])(-[#6:9]-4(-[#1:44])-[#1:45])-[#1:34])(-[#1:32])-[#1:33])-[#1:31])(-[#1:40])-[#1:41])-[#6:16](=[#6:15]-2-[#1:48])-[#8:57]-[#1:58])-[#1:46])-[#1:47])-[#1:49])-[#1:50])=[#8:30])-[#6:29](=[#6:28]-1-[#1:55])-[#1:56])-[#1:53])-[#1:54]",
        "polymethylketone_TERM25": "[#8:1](-[#6:43]1=[#6:42](-[#1:20])-[#6:41](-[#1:19])=[#6:40](-[#6:39]23-[#6:36](-[#1:13])(-[#1:14])-[#6:30]4(-[#1:4])-[#6:31](-[#1:5])(-[#1:6])-[#6:32](-[#1:7])(-[#6:33](-[#1:8])(-[#1:9])-[#6:34](-[#1:10])(-[#6:35]-4(-[#1:11])-[#1:12])-[#6:37]-2(-[#1:15])-[#1:16])-[#6:38]-3(-[#1:17])-[#1:18])-[#6:45](-[#8:2]-*)=[#6:44]-1-[#1:21])-[#6:46]1-[#6:47](-[#1:22])=[#6:48](-[#1:23])-[#6:49](=[#6:50](-[#1:24])-[#6:51]=1-[#1:25])-[#6:52](-[#6:53]1-[#6:54](-[#1:26])=[#6:55](-[#1:27])-[#6:56](-[#1:3])=[#6:57](-[#1:28])-[#6:58]=1-[#1:29])=[#8:59]"
    },
    "caps": {
        "polymethylketone": [],
        "polymethylketone_TERM24": [],
        "polymethylketone_TERM25": []
    },
    "charges": {
        "polymethylketone_TERM25": {
            "0": -0.2483700068778027,
            "33": -0.2518100144452084,
            "53": 0.13902999440965763,
            "12": 0.04984999800858609,
            "24": 0.041859999101735275,
            "25": 0.041859999101735275,
            "22": 0.04984999800858609,
            "19": 0.041859999101735275,
            "20": 0.041859999101735275,
            "17": 0.04984999800858609,
            "14": 0.041859999101735275,
            "15": 0.041859999101735275,
            "9": 0.0478300003224384,
            "10": 0.0478300003224384,
            "30": 0.0478300003224384,
            "31": 0.0478300003224384,
            "27": 0.0478300003224384,
            "28": 0.0478300003224384,
            "5": 0.14724999646482578,
            "3": 0.15615999678907505,
            "35": 0.16062000374136082,
            "45": 0.15369999388990513,
            "43": 0.14357000569639317,
            "40": 0.14357000569639317,
            "38": 0.15369999388990513,
            "57": 0.14702999572095982,
            "55": 0.13861000518140904,
            "51": 0.13861000518140904,
            "49": 0.14702999572095982,
            "11": -0.06126999874772914,
            "23": -0.07030999680223354,
            "21": -0.06126999874772914,
            "18": -0.07030999680223354,
            "16": -0.06126999874772914,
            "13": -0.07030999680223354,
            "8": -0.06763999928893932,
            "29": -0.06763999928893932,
            "26": -0.06763999928893932,
            "7": 0.004059999983884015,
            "6": -0.07266999800863155,
            "4": -0.10523000379266628,
            "2": -0.14372999985875973,
            "1": 0.1071299983078014,
            "34": -0.1890300067252148,
            "32": 0.10818999985990635,
            "36": 0.10745999942360035,
            "44": -0.15121999402704128,
            "42": -0.08393000086011776,
            "41": -0.16439999659719357,
            "39": -0.08393000086011776,
            "37": -0.15121999402704128,
            "46": 0.5882899759226811,
            "47": -0.17690999825658688,
            "56": -0.07989999671640285,
            "54": -0.14646999557676205,
            "52": -0.09361000378789791,
            "50": -0.14646999557676205,
            "48": -0.07989999671640285,
            "58": -0.5183399917668331
        },
        "polymethylketone_TERM24": {
            "24": -0.06043000166478046,
            "25": -0.07062999923887142,
            "20": -0.06043000166478046,
            "21": -0.07062999923887142,
            "22": -0.06043000166478046,
            "23": -0.07062999923887142,
            "28": -0.06730999817314037,
            "34": -0.06730999817314037,
            "19": -0.06730999817314037,
            "18": 0.012950000155843416,
            "17": -0.08771000077190289,
            "16": -0.08257000168027767,
            "15": -0.19582000394525417,
            "14": 0.12375999967393986,
            "44": -0.2259799989050854,
            "43": 0.1451900003367435,
            "8": 0.1292400060111057,
            "9": -0.16599999387922176,
            "10": -0.06712000091733822,
            "5": -0.1850699933356274,
            "6": -0.06712000091733822,
            "7": -0.16599999387922176,
            "4": 0.5924800036364567,
            "3": -0.18539999445142635,
            "53": -0.06729000081481823,
            "54": -0.16883000751199612,
            "0": 0.1238500026875507,
            "1": -0.16883000751199612,
            "2": -0.06729000081481823,
            "52": -0.5340099932736385,
            "31": 0.047129999648905914,
            "26": 0.04050999860105626,
            "27": 0.04050999860105626,
            "40": 0.047129999648905914,
            "38": 0.04050999860105626,
            "39": 0.04050999860105626,
            "37": 0.047129999648905914,
            "32": 0.04050999860105626,
            "33": 0.04050999860105626,
            "29": 0.048780001502610366,
            "30": 0.048780001502610366,
            "35": 0.048780001502610366,
            "36": 0.048780001502610366,
            "41": 0.048780001502610366,
            "42": 0.048780001502610366,
            "48": 0.1427599934750568,
            "49": 0.14857999960718266,
            "45": 0.15001000444231144,
            "12": 0.15462000648317448,
            "11": 0.14956000427541843,
            "51": 0.14956000427541843,
            "50": 0.15462000648317448,
            "56": 0.151549994748212,
            "55": 0.15629999319849125,
            "58": 0.15629999319849125,
            "57": 0.151549994748212,
            "46": -0.4938899876660336,
            "47": 0.4186199901515018,
            "13": -0.2514899971074093
        }
    }
}