{
    "monomers": {
        "syntactic_styrene": "*-[#6:1](-[#6:2](-[#1:10])(-[#1:11])-*)(-[#6:3]1=[#6:4](-[#6:8](=[#6:7](-[#6:6](=[#6:5]-1-[#1:13])-[#1:14])-[#1:15])-[#1:16])-[#1:12])-[#1:9]",
        "syntactic_styrene_TERM1": "*-[#6:1](-[#6:2](-[#1:10])(-[#1:11])-[#1:12])(-[#6:3]1=[#6:4](-[#6:8](=[#6:7](-[#6:6](=[#6:5]-1-[#1:14])-[#1:15])-[#1:16])-[#1:17])-[#1:13])-[#1:9]",
        "syntactic_styrene_TERM7": "[#6:1](-*)(-[#1:2])(-[#1:3])-[#6:4](-[#6:5]1=[#6:6](-[#6:10](=[#6:9](-[#6:8](=[#6:7]-1-[#1:13])-[#1:14])-[#1:15])-[#1:16])-[#1:12])(-[#1:11])-[#1:17]"
    },
    "caps": {
        "syntactic_styrene": [],
        "syntactic_styrene_TERM1": [],
        "syntactic_styrene_TERM7": []
    },
    "charges": {
        "syntactic_styrene": {
            "2": -0.06696718784223778,
            "10": 0.043921561984461725,
            "11": 0.043921561984461725,
            "1": -0.023337186939897954,
            "3": -0.06872718634258491,
            "5": -0.12843843681912404,
            "4": -0.12843843681912404,
            "8": -0.1281296884844778,
            "7": -0.13242968676786404,
            "6": -0.1281296884844778,
            "9": 0.06580156327981966,
            "13": 0.13198906237084884,
            "12": 0.13198906237084884,
            "16": 0.12896031195123214,
            "15": 0.12905406260688324,
            "14": 0.12896031195123214
        },
        "syntactic_styrene_TERM1": {
            "1": -0.023849410607534306,
            "2": -0.0868394129416522,
            "3": -0.07139941085787382,
            "4": -0.13137940843315685,
            "5": -0.13137940843315685,
            "6": -0.1289994098684367,
            "7": -0.13666941006393993,
            "8": -0.1289994098684367,
            "9": 0.06323059122352037,
            "10": 0.0381605870583478,
            "11": 0.0381605870583478,
            "12": 0.0381605870583478,
            "13": 0.13298058728961384,
            "14": 0.13298058728961384,
            "15": 0.1322005860069219,
            "16": 0.13144058208255208,
            "17": 0.1322005860069219
        },
        "syntactic_styrene_TERM7": {
            "1": -0.06858117286773291,
            "2": 0.04374882425455485,
            "3": 0.04374882425455485,
            "4": -0.04309117574902143,
            "5": -0.07718117688508597,
            "7": -0.12890117768855655,
            "6": -0.12890117768855655,
            "10": -0.12955118124099338,
            "9": -0.13364117745967471,
            "8": -0.12955118124099338,
            "11": 0.05197882498888407,
            "13": 0.13038883204845822,
            "12": 0.13038883204845822,
            "16": 0.12902881796745694,
            "15": 0.1291088223019067,
            "14": 0.12902881796745694,
            "17": 0.05197882498888407
        }
    }
}