{
    "monomers": {
        "natural_rubber": "*-[#6:7](-[#6:5](=[#6:4](-[#6:1](-[#1:2])(-[#1:3])-*)-[#6:10](-[#1:11])(-[#1:12])-[#1:13])-[#1:6])(-[#1:8])-[#1:9]",
        "natural_rubber_TERM1": "[#6:1](-[#1:2])(-[#1:3])(-[#6:4](=[#6:5](-[#1:6])-[#6:7](-[#1:8])(-[#1:9])-[#1:14])-[#6:10](-[#1:11])(-[#1:12])-[#1:13])-*",
        "natural_rubber_TERM2": "*-[#6:8](-[#6:6](=[#6:5](-[#6:1](-[#1:2])(-[#1:3])-[#1:4])-[#6:11](-[#1:12])(-[#1:13])-[#1:14])-[#1:7])(-[#1:9])-[#1:10]"
    },
    "caps": {
        "natural_rubber": [],
        "natural_rubber_TERM1": [],
        "natural_rubber_TERM2": []
    },
    "charges": {
        "natural_rubber_TERM1": {
            "1": -0.039231427546058385,
            "2": 0.04434857091733387,
            "3": 0.04434857091733387,
            "4": -0.11720142939261027,
            "5": -0.16637143173388072,
            "6": 0.11864856949874333,
            "7": -0.061151426817689626,
            "8": 0.039328570876802714,
            "9": 0.039328570876802714,
            "10": -0.06059142627886364,
            "11": 0.039738572601761134,
            "12": 0.039738572601761134,
            "13": 0.039738572601761134,
            "14": 0.039328570876802714
        },
        "natural_rubber": {
            "1": -0.04076282035272855,
            "2": 0.04566884561417958,
            "3": 0.04566884561417958,
            "4": -0.11055448627433716,
            "5": -0.1673911534345303,
            "6": 0.11829051399269165,
            "7": -0.04378948647242326,
            "8": 0.04617217889963052,
            "9": 0.04617217889963052,
            "10": -0.061411154528076835,
            "11": 0.040645512680594735,
            "12": 0.040645512680594735,
            "13": 0.040645512680594735
        },
        "natural_rubber_TERM2": {
            "1": -0.06107285911483424,
            "2": 0.03963714172797544,
            "3": 0.03963714172797544,
            "4": 0.03963714172797544,
            "5": -0.1108328543071236,
            "6": -0.1705828524593796,
            "7": 0.11524714609341961,
            "8": -0.04118285620851176,
            "9": 0.0458371423717056,
            "10": 0.0458371423717056,
            "11": -0.06107285911483424,
            "12": 0.03963714172797544,
            "13": 0.03963714172797544,
            "14": 0.03963714172797544
        }
    }
}