{
    "monomers": {
        "peg": "*-[#6:1](-[#6:2](-[#8:3]-*)(-[#1:6])-[#1:7])(-[#1:4])-[#1:5]",
        "plga1": "*-[#8:1]-[#6:2](=[#8:3])-[#6:4](-*)(-[#6:5](-[#1:7])(-[#1:8])-[#1:9])-[#1:6]",
        "plga2": "*-[#8:1]-[#6:2](=[#8:3])-[#6:4](-*)(-[#1:5])-[#1:6]",
        "peg_TERM1": "[#8:1](-[#6:2](-[#6:3](-*)(-[#1:7])-[#1:8])(-[#1:5])-[#1:6])-[#1:4]",
        "peg_TERM2": "*-[#8:1]-[#6:2](-[#6:3](-[#1:6])(-[#1:7])-[#1:8])(-[#1:4])-[#1:5]"
    },
    "caps": {
        "peg": [],
        "plga1": [],
        "plga2": [],
        "peg_TERM1": [],
        "peg_TERM2": []
    },
    "charges": {
        "peg_TERM1": {
            "1": -0.6192812696099281,
            "2": 0.10489875823259354,
            "3": 0.09795875102281572,
            "4": 0.37502875179052353,
            "5": 0.008628752082586295,
            "6": 0.008628752082586295,
            "7": 0.0120687521994114,
            "8": 0.0120687521994114
        },
        "peg": {
            "3": -0.41318285997424803,
            "2": 0.11966514502252848,
            "1": 0.1264251417347363,
            "6": 0.03786114369119916,
            "7": 0.03786114369119916,
            "4": 0.04568514291729245,
            "5": 0.04568514291729245
        },
        "plga1": {
            "1": -0.43461481509385286,
            "2": 0.6326051972530506,
            "3": -0.5123748161174633,
            "4": 0.11411518327615877,
            "5": -0.11318481741128146,
            "6": 0.11169851543726743,
            "7": 0.06725185088537355,
            "8": 0.06725185088537355,
            "9": 0.06725185088537355
        },
        "plga2": {
            "1": -0.4278783363600572,
            "2": 0.6476683355867863,
            "3": -0.493584996710221,
            "4": 0.09885833288232486,
            "5": 0.08746833230058353,
            "6": 0.08746833230058353
        },
        "peg_TERM2": {
            "1": -0.3905862425453961,
            "2": 0.15503375185653565,
            "3": -0.0722762499935925,
            "4": 0.04748374735936521,
            "5": 0.04748374735936521,
            "6": 0.07095374865457414,
            "7": 0.07095374865457414,
            "8": 0.07095374865457414
        }
    }
}