{
    "monomers": {
        "polyvinylchloride": "*-[#6:1](-[#1:2])(-[#1:3])-[#6:4](-[#17:5])(-[#1:6])-*",
        "polyvinylchloride_TERM2": "*-[#6:1](-[#6:2](-[#17:3])(-[#1:4])-[#1:7])(-[#1:5])-[#1:6]",
        "polyvinylchloride_TERM4": "[#6:1](-*)(-[#1:2])(-[#17:3])-[#6:4](-[#1:5])(-[#1:6])-[#1:7]"
    },
    "caps": {
        "polyvinylchloride": [],
        "polyvinylchloride_TERM2": [],
        "polyvinylchloride_TERM4": []
    },
    "charges": {
        "polyvinylchloride_TERM4": {
            "1": 0.06094856985977718,
            "2": 0.08665857517293521,
            "3": -0.1974314296884196,
            "4": -0.10569142497011594,
            "5": 0.05183856987527439,
            "6": 0.05183856987527439,
            "7": 0.05183856987527439
        },
        "polyvinylchloride": {
            "1": -0.09344687452539802,
            "2": 0.0686731250025332,
            "4": 0.05454937508329749,
            "5": -0.19510812452062964,
            "6": 0.09665937395766377,
            "3": 0.0686731250025332
        },
        "polyvinylchloride_TERM2": {
            "1": -0.10043285308139666,
            "2": 0.02506714420659201,
            "3": -0.1882228579904352,
            "4": 0.06464714290840284,
            "5": 0.06714714052421705,
            "6": 0.06714714052421705,
            "7": 0.06464714290840284
        }
    }
}