{
    "monomers": {
        "polymethylketone": "*-[#6:27]1=[#6:26](-[#6:25](=[#6:24](-[#6:23](-[#6:20]2-[#6:19](=[#6:18](-[#6:17](=[#6:22](-[#6:21]=2-[#1:51])-[#1:52])-[#8:58]-[#6:14]2=[#6:13](-[#6:12](=[#6:11](-[#6:10]34-[#6:7](-[#6:1]5(-[#6:2](-[#6:3](-[#6:4](-[#6:5](-[#6:6]-5(-[#1:38])-[#1:39])(-[#6:8]-3(-[#1:42])-[#1:43])-[#1:37])(-[#1:35])-[#1:36])(-[#6:9]-4(-[#1:44])-[#1:45])-[#1:34])(-[#1:32])-[#1:33])-[#1:31])(-[#1:40])-[#1:41])-[#6:16](=[#6:15]-2-[#1:48])-[#8:57]-*)-[#1:46])-[#1:47])-[#1:49])-[#1:50])=[#8:30])-[#6:29](=[#6:28]-1-[#1:55])-[#1:56])-[#1:53])-[#1:54]",
        "polymethylketone_TERM24": "*-[#6:27]1=[#6:26](-[#6:25](=[#6:24](-[#6:23](-[#6:20]2=[#6:19](-[#6:18](=[#6:17](-[#6:22](=[#6:21]-2-[#1:51])-[#1:52])-[#8:59]-[#6:14]2=[#6:13](-[#6:12](=[#6:11](-[#6:10]34-[#6:7](-[#6:1]5(-[#6:2](-[#6:3](-[#6:4](-[#6:5](-[#6:6]-5(-[#1:38])-[#1:39])(-[#6:8]-3(-[#1:42])-[#1:43])-[#1:37])(-[#1:35])-[#1:36])(-[#6:9]-4(-[#1:44])-[#1:45])-[#1:34])(-[#1:32])-[#1:33])-[#1:31])(-[#1:40])-[#1:41])-[#6:16](=[#6:15]-2-[#1:48])-[#8:57]-[#1:58])-[#1:46])-[#1:47])-[#1:49])-[#1:50])=[#8:30])-[#6:29](=[#6:28]-1-[#1:55])-[#1:56])-[#1:53])-[#1:54]",
        "polymethylketone_TERM25": "[#8:1](-[#6:43]1=[#6:42](-[#1:20])-[#6:41](-[#1:19])=[#6:40](-[#6:39]23-[#6:36](-[#1:13])(-[#1:14])-[#6:30]4(-[#1:4])-[#6:31](-[#1:5])(-[#1:6])-[#6:32](-[#1:7])(-[#6:33](-[#1:8])(-[#1:9])-[#6:34](-[#1:10])(-[#6:35]-4(-[#1:11])-[#1:12])-[#6:37]-2(-[#1:15])-[#1:16])-[#6:38]-3(-[#1:17])-[#1:18])-[#6:45](-[#8:2]-*)=[#6:44]-1-[#1:21])-[#6:46]1-[#6:47](-[#1:22])=[#6:48](-[#1:23])-[#6:49](=[#6:50](-[#1:24])-[#6:51]=1-[#1:25])-[#6:52](-[#6:53]1-[#6:54](-[#1:26])=[#6:55](-[#1:27])-[#6:56](-[#1:3])=[#6:57](-[#1:28])-[#6:58]=1-[#1:29])=[#8:59]"
    },
    "caps": {
        "polymethylketone": [],
        "polymethylketone_TERM24": [],
        "polymethylketone_TERM25": []
    },
    "charges": {
        "polymethylketone_TERM25": {
            "1": -0.24645305734317177,
            "2": -0.24989306491057747,
            "3": 0.14094694394428856,
            "4": 0.051766947543217,
            "11": 0.043776948636366185,
            "12": 0.043776948636366185,
            "10": 0.051766947543217,
            "8": 0.043776948636366185,
            "9": 0.043776948636366185,
            "7": 0.051766947543217,
            "5": 0.043776948636366185,
            "6": 0.043776948636366185,
            "13": 0.04974694985706931,
            "14": 0.04974694985706931,
            "17": 0.04974694985706931,
            "18": 0.04974694985706931,
            "15": 0.04974694985706931,
            "16": 0.04974694985706931,
            "19": 0.1491669459994567,
            "20": 0.15807694632370597,
            "21": 0.16253695327599174,
            "25": 0.15561694342453605,
            "24": 0.1454869552310241,
            "23": 0.1454869552310241,
            "22": 0.15561694342453605,
            "29": 0.14894694525559074,
            "28": 0.14052695471603996,
            "27": 0.14052695471603996,
            "26": 0.14894694525559074,
            "30": -0.05935304921309823,
            "35": -0.06839304726760263,
            "34": -0.05935304921309823,
            "33": -0.06839304726760263,
            "32": -0.05935304921309823,
            "31": -0.06839304726760263,
            "36": -0.06572304975430841,
            "38": -0.06572304975430841,
            "37": -0.06572304975430841,
            "39": 0.005976949518514925,
            "40": -0.07075304847400064,
            "41": -0.10331305425803537,
            "42": -0.1418130503241288,
            "43": 0.10904694784243231,
            "44": -0.18711305719058388,
            "45": 0.11010694939453726,
            "46": 0.10937694895823126,
            "51": -0.14930304449241036,
            "50": -0.08201305132548685,
            "49": -0.16248304706256264,
            "48": -0.08201305132548685,
            "47": -0.14930304449241036,
            "52": 0.590206925457312,
            "53": -0.17499304872195595,
            "58": -0.07798304718177194,
            "57": -0.14455304604213112,
            "56": -0.091693054253267,
            "55": -0.14455304604213112,
            "54": -0.07798304718177194,
            "59": -0.5164230422322021
        },
        "polymethylketone_TERM24": {
            "5": -0.0623469511994113,
            "6": -0.07254694877350226,
            "1": -0.0623469511994113,
            "2": -0.07254694877350226,
            "3": -0.0623469511994113,
            "4": -0.07254694877350226,
            "8": -0.06922694770777121,
            "9": -0.06922694770777121,
            "7": -0.06922694770777121,
            "10": 0.011033050621212575,
            "11": -0.08962695030653373,
            "12": -0.08448695121490851,
            "13": -0.197736953479885,
            "14": 0.12184305013930902,
            "15": -0.22789694843971625,
            "16": 0.14327305080211267,
            "17": 0.12732305647647485,
            "22": -0.1679169434138526,
            "21": -0.06903695045196906,
            "20": -0.18698694287025824,
            "19": -0.06903695045196906,
            "18": -0.1679169434138526,
            "23": 0.5905630541018259,
            "24": -0.1873169439860572,
            "29": -0.06920695034944907,
            "28": -0.17074695704662696,
            "27": 0.12193305315291986,
            "26": -0.17074695704662696,
            "25": -0.06920695034944907,
            "30": -0.5359269428082694,
            "37": 0.04521305011427507,
            "38": 0.03859304906642542,
            "39": 0.03859304906642542,
            "31": 0.04521305011427507,
            "32": 0.03859304906642542,
            "33": 0.03859304906642542,
            "34": 0.04521305011427507,
            "35": 0.03859304906642542,
            "36": 0.03859304906642542,
            "42": 0.046863051967979526,
            "43": 0.046863051967979526,
            "44": 0.046863051967979526,
            "45": 0.046863051967979526,
            "40": 0.046863051967979526,
            "41": 0.046863051967979526,
            "46": 0.14084304394042596,
            "47": 0.14666305007255181,
            "48": 0.1480930549076806,
            "52": 0.15270305694854364,
            "51": 0.1476430547407876,
            "50": 0.1476430547407876,
            "49": 0.15270305694854364,
            "56": 0.14963304521358117,
            "55": 0.1543830436638604,
            "54": 0.1543830436638604,
            "53": 0.14963304521358117,
            "57": -0.49580693720066443,
            "58": 0.41670304061687097,
            "59": -0.25340694664204017
        }
    }
}