{
    "monomers": {
        "polyphenylene1": "*-[#6:1]1=[#6:2](-[#6:8](=[#6:6](-[#6:4](=[#6:3]-1-[#1:5])-[#1:7])-[#1:9])-[#1:10])-[#1:11]",
        "polyphenylene6": "*-[#6:1]1-[#6:2](=[#6:6](-[#6:5](=[#6:4](-[#6:3]=1-*)-*)-*)-*)-*",
        "polyphenylene2": "[#6:1]1(=[#6:2](-[#6:8](=[#6:7](-[#6:5](=[#6:3]-1-[#1:6])-*)-[#1:9])-[#1:10])-*)-[#1:4]",
        "polyphenylene3": "*-[#6:1]1-[#6:2](-[#6:7](-[#6:6](-[#6:4](-[#6:3]-1-[#1:5])-*)-[#1:8])-*)-[#1:9]",
        "polyphenylene5": "*-[#6:1]1-[#6:2](=[#6:6](-[#6:5](=[#6:4](-[#6:3]=1-*)-*)-*)-[#1:7])-*",
        "polyphenylene_mid": "*-[#6:1]1-[#6:2](=[#6:9](-[#6:6](=[#6:4](-[#6:3]=1-[#1:5])-[#1:7])-[#6:8](-[#6:17]1-[#6:15](=[#6:14](-[#6:12](-*)=[#6:13](-[#6:19]=1-[#1:20])-[#1:21])-[#1:16])-[#1:18])(-[#1:22])-[#1:23])-[#1:10])-[#1:11]"
    },
    "caps": {
        "polyphenylene1": [],
        "polyphenylene6": [],
        "polyphenylene2": [],
        "polyphenylene3": [],
        "polyphenylene5": [],
        "polyphenylene_mid": []
    },
    "charges": {
        "polyphenylene1": {
            "8": -0.13146963505582376,
            "6": -0.12811963348226113,
            "2": -0.10891563682393594,
            "10": 0.12830635817213493,
            "1": -0.03699763728813694,
            "11": 0.13127036602659659,
            "3": -0.10891563682393594,
            "4": -0.13146963505582376,
            "5": 0.13127036602659659,
            "7": 0.12830635817213493,
            "9": 0.12673436613245442
        },
        "polyphenylene6": {
            "6": -0.00021333340555429459,
            "2": -0.0006233332678675652,
            "5": -0.0004233336076140404,
            "4": 0.001896667294204235,
            "3": -0.0004233336076140404,
            "1": -0.00021333340555429459
        },
        "polyphenylene_mid": {
            "12": -0.041522610558034925,
            "14": -0.10860260911083415,
            "13": -0.10860260911083415,
            "19": -0.12653261013126565,
            "21": 0.1313273947706203,
            "17": -0.077162611855032,
            "20": 0.1347373913993816,
            "8": 0.0019173912258575844,
            "15": -0.12653261013126565,
            "18": 0.1347373913993816,
            "16": 0.1313273947706203,
            "1": -0.041522610558034925,
            "3": -0.10860260911083415,
            "2": -0.10860260911083415,
            "9": -0.12653261013126565,
            "11": 0.1313273947706203,
            "6": -0.077162611855032,
            "10": 0.1347373913993816,
            "4": -0.12653261013126565,
            "7": 0.1347373913993816,
            "5": 0.1313273947706203,
            "22": 0.055867392944334,
            "23": 0.055867392944334
        }
    }
}