{
    "monomers": {
        "polyethylmethacrylate": "[#6:1](-[#6:2](-*)(-[#6:3](-[#1:11])(-[#1:12])-[#1:13])-[#6:4](=[#8:5])-[#8:6]-[#6:7](-[#6:8](-[#1:16])(-[#1:17])-[#1:18])(-[#1:14])-[#1:15])(-[#1:9])(-*)-[#1:10]",
        "polyethylmethacrylate_TERM2": "[#1:1]-[#6:2](-[#6:3](-[#1:9])(-[#1:10])-[#1:11])(-[#6:4](=[#8:5])-[#8:6]-[#6:7](-[#6:8](-[#1:14])(-[#1:15])-[#1:16])(-[#1:12])-[#1:13])-[#6:17](-*)(-[#1:18])-[#1:19]",
        "polyethylmethacrylate_TERM3": "[#6:1](-[#6:2](-*)(-[#6:3](-[#1:12])(-[#1:13])-[#1:14])-[#6:4](=[#8:5])-[#8:6]-[#6:7](-[#6:8](-[#1:17])(-[#1:18])-[#1:19])(-[#1:15])-[#1:16])(-[#1:9])(-[#1:10])-[#1:11]"
    },
    "caps": {
        "polyethylmethacrylate": [],
        "polyethylmethacrylate_TERM2": [],
        "polyethylmethacrylate_TERM3": []
    },
    "charges": {
        "polyethylmethacrylate_TERM2": {
            "1": 0.09634894485536374,
            "2": -0.12025105600294314,
            "3": -0.11494105701383792,
            "4": 0.6248689627176838,
            "5": -0.5408410692685528,
            "6": -0.45515104775366033,
            "7": 0.13521895165506162,
            "8": -0.10208105688032351,
            "9": 0.05929894725743093,
            "10": 0.05929894725743093,
            "11": 0.05929894725743093,
            "12": 0.048638947111995595,
            "13": 0.048638947111995595,
            "14": 0.0441189480847434,
            "15": 0.0441189480847434,
            "16": 0.0441189480847434,
            "17": -0.10302105193075381,
            "18": 0.08615894968572416,
            "19": 0.08615894968572416
        },
        "polyethylmethacrylate": {
            "2": -0.0705330564847423,
            "3": -0.1132730531713201,
            "4": 0.6425894343087243,
            "5": -0.5395880497267677,
            "6": -0.44947305388955605,
            "7": 0.13091694496365056,
            "8": -0.10532555610148443,
            "11": 0.05820694498510824,
            "12": 0.05820694498510824,
            "13": 0.05820694498510824,
            "14": 0.06200194384695755,
            "15": 0.06200194384695755,
            "16": 0.0463844447189735,
            "17": 0.0463844447189735,
            "18": 0.0463844447189735,
            "1": -0.07752055555789007,
            "9": 0.07221444442661272,
            "10": 0.07221444442661272
        },
        "polyethylmethacrylate_TERM3": {
            "3": -0.08872263545268459,
            "2": -0.07565263325446529,
            "1": -0.08872263545268459,
            "4": 0.6344473842335375,
            "5": -0.5469626303958265,
            "6": -0.4468326386260359,
            "7": 0.13889736270433978,
            "8": -0.09836262876265926,
            "12": 0.05352736970311717,
            "13": 0.05352736970311717,
            "14": 0.05352736970311717,
            "9": 0.05352736970311717,
            "10": 0.05352736970311717,
            "11": 0.05352736970311717,
            "15": 0.05199736690050677,
            "16": 0.05199736690050677,
            "17": 0.04891736766225413,
            "18": 0.04891736766225413,
            "19": 0.04891736766225413
        }
    }
}