{
    "monomers": {
        "peg": "*-[#6:1](-[#6:2](-[#8:3]-*)(-[#1:6])-[#1:7])(-[#1:4])-[#1:5]",
        "plga1": "*-[#8:1]-[#6:2](=[#8:3])-[#6:4](-*)(-[#6:5](-[#1:7])(-[#1:8])-[#1:9])-[#1:6]",
        "plga2": "*-[#8:1]-[#6:2](=[#8:3])-[#6:4](-*)(-[#1:5])-[#1:6]",
        "peg_TERM1": "[#8:1](-[#6:2](-[#6:3](-*)(-[#1:7])-[#1:8])(-[#1:5])-[#1:6])-[#1:4]",
        "peg_TERM2": "*-[#8:1]-[#6:2](-[#6:3](-[#1:6])(-[#1:7])-[#1:8])(-[#1:4])-[#1:5]"
    },
    "caps": {
        "peg": [],
        "plga1": [],
        "plga2": [],
        "peg_TERM1": [],
        "peg_TERM2": []
    },
    "charges": {
        "peg_TERM1": {
            "0": -0.5940300232808416,
            "1": 0.13015000456168005,
            "2": 0.12320999735190223,
            "7": 0.40027999811961007,
            "5": 0.03387999841167281,
            "6": 0.03387999841167281,
            "3": 0.03731999852849791,
            "4": 0.03731999852849791
        },
        "peg": {
            "2": -0.4070160037915532,
            "1": 0.12583200120522328,
            "0": 0.1325919979174311,
            "3": 0.044027999873893955,
            "4": 0.044027999873893955,
            "5": 0.051851999099987243,
            "6": 0.051851999099987243
        },
        "plga1": {
            "0": -0.4371033317487066,
            "1": 0.6301166805981969,
            "2": -0.514863332772317,
            "3": 0.11162666662130505,
            "4": -0.11567333406613518,
            "8": 0.1092099987824137,
            "5": 0.06476333423051983,
            "6": 0.06476333423051983,
            "7": 0.06476333423051983
        },
        "plga2": {
            "0": -0.4363533364376053,
            "1": 0.6391933355092382,
            "2": -0.5020599967877691,
            "3": 0.09038333280477673,
            "4": 0.0789933322230354,
            "5": 0.0789933322230354
        },
        "peg_TERM2": {
            "0": -0.41534999078915763,
            "1": 0.1302700036127741,
            "2": -0.09703999823735406,
            "6": 0.022719999115603667,
            "7": 0.022719999115603667,
            "3": 0.046190000410812594,
            "4": 0.046190000410812594,
            "5": 0.046190000410812594
        }
    }
}