{
    "monomers": {
        "polyphenylene1": "*-[#6:1]1=[#6:2](-[#6:8](=[#6:6](-[#6:4](=[#6:3]-1-[#1:5])-[#1:7])-[#1:9])-[#1:10])-[#1:11]",
        "polyphenylene6": "*-[#6:1]1-[#6:2](=[#6:6](-[#6:5](=[#6:4](-[#6:3]=1-*)-*)-*)-*)-*",
        "polyphenylene2": "[#6:1]1(=[#6:2](-[#6:8](=[#6:7](-[#6:5](=[#6:3]-1-[#1:6])-*)-[#1:9])-[#1:10])-*)-[#1:4]",
        "polyphenylene3": "*-[#6:1]1-[#6:2](-[#6:7](-[#6:6](-[#6:4](-[#6:3]-1-[#1:5])-*)-[#1:8])-*)-[#1:9]",
        "polyphenylene5": "*-[#6:1]1-[#6:2](=[#6:6](-[#6:5](=[#6:4](-[#6:3]=1-*)-*)-*)-[#1:7])-*",
        "polyphenylene_mid": "*-[#6:1]1-[#6:2](=[#6:9](-[#6:6](=[#6:4](-[#6:3]=1-[#1:5])-[#1:7])-[#6:8](-[#6:17]1-[#6:15](=[#6:14](-[#6:12](-*)=[#6:13](-[#6:19]=1-[#1:20])-[#1:21])-[#1:16])-[#1:18])(-[#1:22])-[#1:23])-[#1:10])-[#1:11]"
    },
    "caps": {
        "polyphenylene1": [],
        "polyphenylene6": [],
        "polyphenylene2": [],
        "polyphenylene3": [],
        "polyphenylene5": [],
        "polyphenylene_mid": []
    },
    "charges": {
        "polyphenylene1": {
            "2": -0.12990199881605802,
            "3": -0.12655199724249538,
            "1": -0.1073480005841702,
            "9": 0.12987399441190067,
            "0": -0.0354300010483712,
            "10": 0.13283800226636233,
            "5": -0.1073480005841702,
            "4": -0.12990199881605802,
            "6": 0.13283800226636233,
            "7": 0.12987399441190067,
            "8": 0.12830200237222017
        },
        "polyphenylene6": {
            "2": -0.017539999959990383,
            "1": -0.017949999822303653,
            "3": -0.01775000016205013,
            "4": -0.015429999260231853,
            "5": -0.01775000016205013,
            "0": -0.017539999959990383
        },
        "polyphenylene_mid": {
            "12": -0.03998000132851302,
            "11": -0.10705999988131225,
            "13": -0.10705999988131225,
            "14": -0.12499000090174377,
            "16": 0.1328700040001422,
            "9": -0.0756200026255101,
            "15": 0.1362800006289035,
            "8": 0.0034600004553794863,
            "10": -0.12499000090174377,
            "18": 0.1362800006289035,
            "17": 0.1328700040001422,
            "0": -0.03998000132851302,
            "5": -0.10705999988131225,
            "1": -0.10705999988131225,
            "2": -0.12499000090174377,
            "22": 0.1328700040001422,
            "3": -0.0756200026255101,
            "21": 0.1362800006289035,
            "4": -0.12499000090174377,
            "7": 0.1362800006289035,
            "6": 0.1328700040001422,
            "19": 0.057410002173855904,
            "20": 0.057410002173855904
        }
    }
}