{
    "monomers": {
        "polyvinylchloride": "*-[#6:1](-[#1:2])(-[#1:3])-[#6:4](-[#17:5])(-[#1:6])-*",
        "polyvinylchloride_TERM2": "*-[#6:1](-[#6:2](-[#17:3])(-[#1:4])-[#1:7])(-[#1:5])-[#1:6]",
        "polyvinylchloride_TERM4": "[#6:1](-*)(-[#1:2])(-[#17:3])-[#6:4](-[#1:5])(-[#1:6])-[#1:7]"
    },
    "caps": {
        "polyvinylchloride": [],
        "polyvinylchloride_TERM2": [],
        "polyvinylchloride_TERM4": []
    },
    "charges": {
        "polyvinylchloride_TERM4": {
            "0": 0.06005999782393055,
            "1": 0.08577000313708859,
            "2": -0.19832000172426623,
            "3": -0.10657999700596256,
            "4": 0.05094999783942776,
            "5": 0.05094999783942776,
            "6": 0.05094999783942776
        },
        "polyvinylchloride": {
            "0": -0.09388499929299278,
            "1": 0.06823500023493843,
            "3": 0.054111250315702734,
            "4": -0.1955462492882244,
            "5": 0.09622124919006901,
            "2": 0.06823500023493843
        },
        "polyvinylchloride_TERM2": {
            "0": -0.09653999692490024,
            "1": 0.028960000363088424,
            "2": -0.18433000183393877,
            "3": 0.06853999906489926,
            "5": 0.07103999668071347,
            "6": 0.07103999668071347,
            "4": 0.06853999906489926
        }
    }
}