{
    "monomers": {
        "polyethylmethacrylate": "[#6:1](-[#6:2](-*)(-[#6:3](-[#1:11])(-[#1:12])-[#1:13])-[#6:4](=[#8:5])-[#8:6]-[#6:7](-[#6:8](-[#1:16])(-[#1:17])-[#1:18])(-[#1:14])-[#1:15])(-[#1:9])(-*)-[#1:10]",
        "polyethylmethacrylate_TERM2": "[#1:1]-[#6:2](-[#6:3](-[#1:9])(-[#1:10])-[#1:11])(-[#6:4](=[#8:5])-[#8:6]-[#6:7](-[#6:8](-[#1:14])(-[#1:15])-[#1:16])(-[#1:12])-[#1:13])-[#6:17](-*)(-[#1:18])-[#1:19]",
        "polyethylmethacrylate_TERM3": "[#6:1](-[#6:2](-*)(-[#6:3](-[#1:12])(-[#1:13])-[#1:14])-[#6:4](=[#8:5])-[#8:6]-[#6:7](-[#6:8](-[#1:17])(-[#1:18])-[#1:19])(-[#1:15])-[#1:16])(-[#1:9])(-[#1:10])-[#1:11]"
    },
    "caps": {
        "polyethylmethacrylate": [],
        "polyethylmethacrylate_TERM2": [],
        "polyethylmethacrylate_TERM3": []
    },
    "charges": {
        "polyethylmethacrylate_TERM2": {
            "1": 0.0989499986849048,
            "2": -0.11765000217340209,
            "3": -0.11234000318429686,
            "4": 0.6274700165472248,
            "5": -0.5382400154390118,
            "6": -0.45254999392411926,
            "7": 0.13782000548460266,
            "8": -0.09948000305078246,
            "9": 0.061900001086971974,
            "10": 0.061900001086971974,
            "11": 0.061900001086971974,
            "12": 0.05124000094153664,
            "13": 0.05124000094153664,
            "14": 0.046720001914284444,
            "15": 0.046720001914284444,
            "16": 0.046720001914284444,
            "17": -0.10041999810121276,
            "18": 0.08876000351526521,
            "19": 0.08876000351526521
        },
        "polyethylmethacrylate": {
            "2": -0.07083750136873938,
            "3": -0.11357749805531718,
            "4": 0.6422849894247272,
            "5": -0.5398924946107647,
            "6": -0.44977749877355316,
            "7": 0.13061250007965347,
            "8": -0.10563000098548152,
            "11": 0.05790250010111115,
            "12": 0.05790250010111115,
            "13": 0.05790250010111115,
            "14": 0.06169749896296046,
            "15": 0.06169749896296046,
            "16": 0.04607999983497641,
            "17": 0.04607999983497641,
            "18": 0.04607999983497641,
            "1": -0.07782500044188716,
            "9": 0.07190999954261564,
            "10": 0.07190999954261564
        },
        "polyethylmethacrylate_TERM3": {
            "3": -0.09017000340602614,
            "2": -0.07710000120780684,
            "1": -0.09017000340602614,
            "4": 0.633000016280196,
            "5": -0.548409998349168,
            "6": -0.44828000657937744,
            "7": 0.13744999475099823,
            "8": -0.09980999671600081,
            "12": 0.052080001749775624,
            "13": 0.052080001749775624,
            "14": 0.052080001749775624,
            "9": 0.052080001749775624,
            "10": 0.052080001749775624,
            "11": 0.052080001749775624,
            "15": 0.05054999894716523,
            "16": 0.05054999894716523,
            "17": 0.04746999970891259,
            "18": 0.04746999970891259,
            "19": 0.04746999970891259
        }
    }
}